file,barcode,name,productDesc,category,brand,productImg
IMG_0001.HEIC,4006396102676,,,,,4006396102676.png
IMG_0003.HEIC,4006396067449,,,,,4006396067449.png
IMG_0005.HEIC,4006396050311,,,,,4006396050311.png
IMG_0007.HEIC,4006396102560,,,,,4006396102560.png
IMG_0009.HEIC,48745932,,,,,48745932.png
IMG_0011.HEIC,48745925,,,,,48745925.png
IMG_0013.HEIC,48747226,,,,,48747226.png
IMG_0015.HEIC,48747226,,,,,48747226.png
IMG_0019.HEIC,48747363,,,,,48747363.png
IMG_0021.HEIC,48744119,,,,,48744119.png
IMG_0023.HEIC,48744935,,,,,48744935.png
IMG_0025.HEIC,48747752,,,,,48747752.png
IMG_0027.HEIC,48747745,,,,,48747745.png
IMG_0031.HEIC,7622202051104,,,,,7622202051104.png
IMG_0035.HEIC,48741224,,,,,48741224.png
IMG_0039.HEIC,48742757,,,,,48742757.png
IMG_0041.HEIC,48743570,,,,,48743570.png
IMG_0043.HEIC,48743570,,,,,48743570.png
IMG_0045.HEIC,48743587,,,,,48743587.png
IMG_0047.HEIC,48743587,,,,,48743587.png
IMG_0049.HEIC,48748667,,,,,48748667.png
IMG_0051.HEIC,48744539,,,,,48744539.png
IMG_0053.HEIC,48744546,,,,,48744546.png
IMG_0055.HEIC,48741415,,,,,48741415.png
IMG_0059.HEIC,48747257,,,,,48747257.png
IMG_0061.HEIC,48747912,,,,,48747912.png
IMG_0063.HEIC,48747905,,,,,48747905.png
IMG_0065.HEIC,48743280,,,,,48743280.png
IMG_0067.HEIC,48743839,,,,,48743839.png
IMG_0069.HEIC,48743273,,,,,48743273.png
IMG_0073.HEIC,4870249810984,,,,,4870249810984.png
IMG_0075.HEIC,48743532,,,,,48743532.png
IMG_0077.HEIC,48747295,,,,,48747295.png
IMG_0081.HEIC,4870240019256,,,,,4870240019256.png
IMG_0083.HEIC,4870240019225,,,,,4870240019225.png
IMG_0085.HEIC,48744324,,,,,48744324.png
IMG_0089.HEIC,48741606,,,,,48741606.png
IMG_0093.HEIC,48741958,,,,,48741958.png
IMG_0095.HEIC,48742245,,,,,48742245.png
IMG_0099.HEIC,4870002328886,,,,,4870002328886.png
IMG_0101.HEIC,4870031001118,,,,,4870031001118.png
IMG_0102.HEIC,4870071000256,,,,,4870071000256.png
IMG_0105.HEIC,5011007015534,,,,,5011007015534.png
IMG_0107.HEIC,5011007003005,,,,,5011007003005.png
IMG_0109.HEIC,5011007003227,,,,,5011007003227.png
IMG_0111.HEIC,2B3B3134,,,,,2B3B3134.png
IMG_0108.HEIC,80623257179006,,,,,80623257179006.png
IMG_0115.HEIC,2B3B6165,,,,,2B3B6165.png
IMG_0117.HEIC,5010327903101,,,,,5010327903101.png
IMG_0121.HEIC,4067700014566,,,,,4067700014566.png
IMG_0123.HEIC,4067700014559,,,,,4067700014559.png
IMG_0125.HEIC,9300727453600,,,,,9300727453600.png
IMG_0128.HEIC,9300727406538,,,,,9300727406538.png
IMG_0130.HEIC,10049092,,,,,10049092.png
IMG_0132.HEIC,10040509,,,,,10040509.png
IMG_0134.HEIC,5099873089712,,,,,5099873089712.png
IMG_0136.HEIC,7312040017683,,,,,7312040017683.png
IMG_0139.HEIC,7312040017072,,,,,7312040017072.png
IMG_0141.HEIC,4620006990455,,,,,4620006990455.png
IMG_0143.HEIC,4620006990387,,,,,4620006990387.png
IMG_0145.HEIC,4600893900805,,,,,4600893900805.png
IMG_0147.HEIC,4607027550011,,,,,4607027550011.png
IMG_0149.HEIC,4600893903585,,,,,4600893903585.png
IMG_0151.HEIC,5010327946504,,,,,5010327946504.png
IMG_7039(1).HEIC,4870028000773,,,,,4870028000773.png
IMG_7039.HEIC,4870028000773,,,,,4870028000773.png
IMG_7040(1).HEIC,4870028000773,,,,,4870028000773.png
IMG_7040.HEIC,4870028000773,,,,,4870028000773.png
IMG_7042(1).HEIC,4870203571586,,,,,4870203571586.png
IMG_7042.HEIC,4870203571586,,,,,4870203571586.png
IMG_7043(1).HEIC,4870203571555,,,,,4870203571555.png
IMG_7043.HEIC,4870203571555,,,,,4870203571555.png
IMG_7044(1).HEIC,4870203571555,,,,,4870203571555.png
IMG_7044.HEIC,4870203571555,,,,,4870203571555.png
IMG_7045(1).HEIC,4870203571609,,,,,4870203571609.png
IMG_7045.HEIC,4870203571609,,,,,4870203571609.png
IMG_7046(1).HEIC,4870203571609,,,,,4870203571609.png
IMG_7046.HEIC,4870203571609,,,,,4870203571609.png
IMG_7052(1).HEIC,4620017455004,,,,,4620017455004.png
IMG_7052.HEIC,4620017455004,,,,,4620017455004.png
IMG_7054(1).HEIC,4870066008885,,,,,4870066008885.png
IMG_7054.HEIC,4870066008885,,,,,4870066008885.png
IMG_7058.HEIC,5201360523795,,,,,5201360523795.png
IMG_7058(1).HEIC,5201360523795,,,,,5201360523795.png
IMG_7060(1).HEIC,5201360543205,,,,,5201360543205.png
IMG_7060.HEIC,5201360543205,,,,,5201360543205.png
IMG_7061(1).HEIC,5201360543472,,,,,5201360543472.png
IMG_7061.HEIC,5201360543472,,,,,5201360543472.png
IMG_7062(1).HEIC,5201360543472,,,,,5201360543472.png
IMG_7062.HEIC,5201360543472,,,,,5201360543472.png
IMG_7064(1).HEIC,5201360571208,,,,,5201360571208.png
IMG_7064.HEIC,5201360571208,,,,,5201360571208.png
IMG_7066(1).HEIC,5201360571703,,,,,5201360571703.png
IMG_7066.HEIC,5201360571703,,,,,5201360571703.png
IMG_7068(1).HEIC,5201360521210,,,,,5201360521210.png
IMG_7068.HEIC,5201360521210,,,,,5201360521210.png
IMG_7070(1).HEIC,5201360523795,,,,,5201360523795.png
IMG_7070.HEIC,5201360523795,,,,,5201360523795.png
IMG_7072(1).HEIC,4870207570820,,,,,4870207570820.png
IMG_7072.HEIC,4870207570820,,,,,4870207570820.png
IMG_7074(1).HEIC,4870207570844,,,,,4870207570844.png
IMG_7074.HEIC,4870207570844,,,,,4870207570844.png
IMG_7076(1).HEIC,7860471650813,,,,,7860471650813.png
IMG_7076.HEIC,7860471650813,,,,,7860471650813.png
IMG_7078(1).HEIC,4860111650640,,,,,4860111650640.png
IMG_7078.HEIC,4860111650640,,,,,4860111650640.png
IMG_7080(1).HEIC,4605825006327,,,,,4605825006327.png
IMG_7080.HEIC,4605825006327,,,,,4605825006327.png
IMG_7082.HEIC,4605825006402,,,,,4605825006402.png
IMG_7082(1).HEIC,4605825006402,,,,,4605825006402.png
IMG_7084(1).HEIC,4870227272971,,,,,4870227272971.png
IMG_7084.HEIC,4870227272971,,,,,4870227272971.png
IMG_7086(1).HEIC,4870227272957,,,,,4870227272957.png
IMG_7086.HEIC,4870227272957,,,,,4870227272957.png
IMG_7087(1).HEIC,4870207570585,,,,,4870207570585.png
IMG_7087.HEIC,4870207570585,,,,,4870207570585.png
IMG_7088(1).HEIC,4870207570585,,,,,4870207570585.png
IMG_7088.HEIC,4870207570585,,,,,4870207570585.png
IMG_7090(1).HEIC,4870207570875,,,,,4870207570875.png
IMG_7090.HEIC,4870207570875,,,,,4870207570875.png
IMG_7092(1).HEIC,7870747570851,,,,,7870747570851.png
IMG_7092.HEIC,7870747570851,,,,,7870747570851.png
IMG_7094(1).HEIC,8270740476768,,,,,8270740476768.png
IMG_7094.HEIC,8270740476768,,,,,8270740476768.png
IMG_7096(1).HEIC,4870144474045,,,,,4870144474045.png
IMG_7096.HEIC,4870144474045,,,,,4870144474045.png
IMG_7095(1).HEIC,4870144474045,,,,,4870144474045.png
IMG_7095.HEIC,4870144474045,,,,,4870144474045.png
IMG_7098(1).HEIC,4870144474052,,,,,4870144474052.png
IMG_7098.HEIC,4870144474052,,,,,4870144474052.png
IMG_7100(1).HEIC,4870144473703,,,,,4870144473703.png
IMG_7100.HEIC,4870144473703,,,,,4870144473703.png
IMG_7102(1).HEIC,4870144475813,,,,,4870144475813.png
IMG_7102.HEIC,4870144475813,,,,,4870144475813.png
IMG_7104(1).HEIC,4870144476872,,,,,4870144476872.png
IMG_7104.HEIC,4870144476872,,,,,4870144476872.png
IMG_7106(1).HEIC,4870144474748,,,,,4870144474748.png
IMG_7106.HEIC,4870144474748,,,,,4870144474748.png
IMG_7105(1).HEIC,4870144474748,,,,,4870144474748.png
IMG_7105.HEIC,4870144474748,,,,,4870144474748.png
IMG_7108(1).HEIC,4870144476544,,,,,4870144476544.png
IMG_7108.HEIC,4870144476544,,,,,4870144476544.png
IMG_7110(1).HEIC,4870002329234,,,,,4870002329234.png
IMG_7110.HEIC,4870002329234,,,,,4870002329234.png
IMG_7112(1).HEIC,4870144475967,,,,,4870144475967.png
IMG_7112.HEIC,4870144475967,,,,,4870144475967.png
IMG_7114(1).HEIC,4870144476490,,,,,4870144476490.png
IMG_7114.HEIC,4870144476490,,,,,4870144476490.png
IMG_7116(1).HEIC,4870144475943,,,,,4870144475943.png
IMG_7116.HEIC,4870144475943,,,,,4870144475943.png
IMG_7115(1).HEIC,69701663680426,,,,,69701663680426.png
IMG_7115.HEIC,69701663680426,,,,,69701663680426.png
IMG_7117(1).HEIC,53834958205413,,,,,53834958205413.png
IMG_7117.HEIC,53834958205413,,,,,53834958205413.png
IMG_7118(1).HEIC,4870144476308,,,,,4870144476308.png
IMG_7118.HEIC,4870144476308,,,,,4870144476308.png
IMG_7120(1).HEIC,4870144475790,,,,,4870144475790.png
IMG_7120.HEIC,4870144475790,,,,,4870144475790.png
IMG_7123(1).HEIC,4605825003807,,,,,4605825003807.png
IMG_7123.HEIC,4605825003807,,,,,4605825003807.png
IMG_7125(1).HEIC,4604248005269,,,,,4604248005269.png
IMG_7125.HEIC,4604248005269,,,,,4604248005269.png
IMG_7127(1).HEIC,4870235040241,,,,,4870235040241.png
IMG_7127.HEIC,4870235040241,,,,,4870235040241.png
IMG_7129(1).HEIC,4605825003753,,,,,4605825003753.png
IMG_7129.HEIC,4605825003753,,,,,4605825003753.png
IMG_7131(1).HEIC,4870004933859,,,,,4870004933859.png
IMG_7131.HEIC,4870004933859,,,,,4870004933859.png
IMG_7133(1).HEIC,4870004933873,,,,,4870004933873.png
IMG_7133.HEIC,4870004933873,,,,,4870004933873.png
IMG_7135(1).HEIC,4604248019051,,,,,4604248019051.png
IMG_7135.HEIC,4604248019051,,,,,4604248019051.png
IMG_7137(1).HEIC,4870001901806,,,,,4870001901806.png
IMG_7137.HEIC,4870001901806,,,,,4870001901806.png
IMG_7139(1).HEIC,4607002995943,,,,,4607002995943.png
IMG_7139.HEIC,4607002995943,,,,,4607002995943.png
IMG_7141.HEIC,4607002999323,,,,,4607002999323.png
IMG_7141(1).HEIC,4607002999323,,,,,4607002999323.png
IMG_7145(1).HEIC,4630038371023,,,,,4630038371023.png
IMG_7145.HEIC,4630038371023,,,,,4630038371023.png
IMG_7147(1).HEIC,4607002995905,,,,,4607002995905.png
IMG_7147.HEIC,4607002995905,,,,,4607002995905.png
IMG_7149(1).HEIC,4607002990290,,,,,4607002990290.png
IMG_7149.HEIC,4607002990290,,,,,4607002990290.png
IMG_7151(1).HEIC,4607002999910,,,,,4607002999910.png
IMG_7151.HEIC,4607002999910,,,,,4607002999910.png
IMG_7153(1).HEIC,4607002999767,,,,,4607002999767.png
IMG_7153.HEIC,4607002999767,,,,,4607002999767.png
IMG_7159(1).HEIC,4607002999309,,,,,4607002999309.png
IMG_7159.HEIC,4607002999309,,,,,4607002999309.png
IMG_7161(1).HEIC,4870001905477,,,,,4870001905477.png
IMG_7161.HEIC,4870001905477,,,,,4870001905477.png
IMG_7163(1).HEIC,4870001901783,,,,,4870001901783.png
IMG_7163.HEIC,4870001901783,,,,,4870001901783.png
IMG_7165(1).HEIC,4870200193545,,,,,4870200193545.png
IMG_7165.HEIC,4870200193545,,,,,4870200193545.png
IMG_7167(1).HEIC,4870001900014,,,,,4870001900014.png
IMG_7167.HEIC,4870001900014,,,,,4870001900014.png
IMG_7169(1).HEIC,4870001906238,,,,,4870001906238.png
IMG_7169.HEIC,4870001906238,,,,,4870001906238.png
IMG_7171(1).HEIC,4670025500357,,,,,4670025500357.png
IMG_7171.HEIC,4670025500357,,,,,4670025500357.png
IMG_7173(1).HEIC,4870001901769,,,,,4870001901769.png
IMG_7173.HEIC,4870001901769,,,,,4870001901769.png
IMG_7175(1).HEIC,4870001902384,,,,,4870001902384.png
IMG_7175.HEIC,4870001902384,,,,,4870001902384.png
IMG_7177(1).HEIC,4870001901882,,,,,4870001901882.png
IMG_7177.HEIC,4870001901882,,,,,4870001901882.png
IMG_7179(1).HEIC,4870001901806,,,,,4870001901806.png
IMG_7179.HEIC,4870001901806,,,,,4870001901806.png
IMG_7181(1).HEIC,4870001902384,,,,,4870001902384.png
IMG_7181.HEIC,4870001902384,,,,,4870001902384.png
IMG_7183(1).HEIC,4870004930674,,,,,4870004930674.png
IMG_7183.HEIC,4870004930674,,,,,4870004930674.png
IMG_7185(1).HEIC,4870004933828,,,,,4870004933828.png
IMG_7185.HEIC,4870004933828,,,,,4870004933828.png
IMG_7187(1).HEIC,4870004930841,,,,,4870004930841.png
IMG_7187.HEIC,4870004930841,,,,,4870004930841.png
IMG_7189(1).HEIC,4870004931121,,,,,4870004931121.png
IMG_7189.HEIC,4870004931121,,,,,4870004931121.png
IMG_7191(1).HEIC,4870004930605,,,,,4870004930605.png
IMG_7191.HEIC,4870004930605,,,,,4870004930605.png
IMG_7193(1).HEIC,4870004930117,,,,,4870004930117.png
IMG_7193.HEIC,4870004930117,,,,,4870004930117.png
IMG_7195(1).HEIC,4870004930841,,,,,4870004930841.png
IMG_7195.HEIC,4870004930841,,,,,4870004930841.png
IMG_7197(1).HEIC,4870004930032,,,,,4870004930032.png
IMG_7197.HEIC,4870004930032,,,,,4870004930032.png
IMG_7199(1).HEIC,4870004931145,,,,,4870004931145.png
IMG_7199.HEIC,4870004931145,,,,,4870004931145.png
IMG_7203(1).HEIC,4870004936324,,,,,4870004936324.png
IMG_7203.HEIC,4870004936324,,,,,4870004936324.png
IMG_7205(1).HEIC,4870004931107,,,,,4870004931107.png
IMG_7205.HEIC,4870004931107,,,,,4870004931107.png
IMG_7207(1).HEIC,4870004933880,,,,,4870004933880.png
IMG_7207.HEIC,4870004933880,,,,,4870004933880.png
IMG_7209(1).HEIC,4870004933903,,,,,4870004933903.png
IMG_7209.HEIC,4870004933903,,,,,4870004933903.png
IMG_7211.HEIC,4870004930513,,,,,4870004930513.png
IMG_7211(1).HEIC,4870004930513,,,,,4870004930513.png
IMG_7213(1).HEIC,4870004930018,,,,,4870004930018.png
IMG_7213.HEIC,4870004930018,,,,,4870004930018.png
IMG_7214(1).HEIC,4870004936331,,,,,4870004936331.png
IMG_7214.HEIC,4870004936331,,,,,4870004936331.png
IMG_7217(1).HEIC,4870004931053,,,,,4870004931053.png
IMG_7217.HEIC,4870004931053,,,,,4870004931053.png
IMG_7219(1).HEIC,4870004932296,,,,,4870004932296.png
IMG_7219.HEIC,4870004932296,,,,,4870004932296.png
IMG_7222(1).HEIC,4007415005404,,,,,4007415005404.png
IMG_7222.HEIC,4007415005404,,,,,4007415005404.png
IMG_7226(1).HEIC,4870001548032,,,,,4870001548032.png
IMG_7226.HEIC,4870001548032,,,,,4870001548032.png
IMG_7230(1).HEIC,4008638213805,,,,,4008638213805.png
IMG_7230.HEIC,4008638213805,,,,,4008638213805.png
IMG_7234(1).HEIC,4870001545376,,,,,4870001545376.png
IMG_7234.HEIC,4870001545376,,,,,4870001545376.png
IMG_7236(1).HEIC,4007415005664,,,,,4007415005664.png
IMG_7236.HEIC,4007415005664,,,,,4007415005664.png
IMG_7238(1).HEIC,4607116769867,,,,,4607116769867.png
IMG_7238.HEIC,4607116769867,,,,,4607116769867.png
IMG_7240(1).HEIC,4607116769478,,,,,4607116769478.png
IMG_7240.HEIC,4607116769478,,,,,4607116769478.png
IMG_7242(1).HEIC,4607116769485,,,,,4607116769485.png
IMG_7242.HEIC,4607116769485,,,,,4607116769485.png
IMG_7246(1).HEIC,4607116769461,,,,,4607116769461.png
IMG_7246.HEIC,4607116769461,,,,,4607116769461.png
IMG_7248(1).HEIC,4660136781677,,,,,4660136781677.png
IMG_7248.HEIC,4660136781677,,,,,4660136781677.png
IMG_7250(1).HEIC,4660136780656,,,,,4660136780656.png
IMG_7250.HEIC,4660136780656,,,,,4660136780656.png
IMG_7254(1).HEIC,4870001546281,,,,,4870001546281.png
IMG_7254.HEIC,4870001546281,,,,,4870001546281.png
IMG_7256(1).HEIC,8437004811103,,,,,8437004811103.png
IMG_7256.HEIC,8437004811103,,,,,8437004811103.png
IMG_7258(1).HEIC,4660136780649,,,,,4660136780649.png
IMG_7258.HEIC,4660136780649,,,,,4660136780649.png
IMG_7260(1).HEIC,4660136781264,,,,,4660136781264.png
IMG_7260.HEIC,4660136781264,,,,,4660136781264.png
IMG_7262(1).HEIC,4630035912816,,,,,4630035912816.png
IMG_7262.HEIC,4630035912816,,,,,4630035912816.png
IMG_7265(1).HEIC,4660136780762,,,,,4660136780762.png
IMG_7265.HEIC,4660136780762,,,,,4660136780762.png
IMG_7267(1).HEIC,4660136781868,,,,,4660136781868.png
IMG_7267.HEIC,4660136781868,,,,,4660136781868.png
IMG_7269(1).HEIC,4810389005598,,,,,4810389005598.png
IMG_7269.HEIC,4810389005598,,,,,4810389005598.png
IMG_7273(1).HEIC,4810389003372,,,,,4810389003372.png
IMG_7273.HEIC,4810389003372,,,,,4810389003372.png
IMG_7276(1).HEIC,8594001692989,,,,,8594001692989.png
IMG_7276.HEIC,8594001692989,,,,,8594001692989.png
IMG_7277(1).HEIC,8594001692989,,,,,8594001692989.png
IMG_7277.HEIC,8594001692989,,,,,8594001692989.png
IMG_7278(1).HEIC,8594001692996,,,,,8594001692996.png
IMG_7278.HEIC,8594001692996,,,,,8594001692996.png
IMG_7279(1).HEIC,8594001692996,,,,,8594001692996.png
IMG_7279.HEIC,8594001692996,,,,,8594001692996.png
IMG_7280(1).HEIC,8594001693030,,,,,8594001693030.png
IMG_7280.HEIC,8594001693030,,,,,8594001693030.png
IMG_7281(1).HEIC,8594001693030,,,,,8594001693030.png
IMG_7281.HEIC,8594001693030,,,,,8594001693030.png
IMG_7282(1).HEIC,8594001693009,,,,,8594001693009.png
IMG_7282.HEIC,8594001693009,,,,,8594001693009.png
IMG_7283(1).HEIC,8594001693009,,,,,8594001693009.png
IMG_7283.HEIC,8594001693009,,,,,8594001693009.png
IMG_7284(1).HEIC,8594001695171,,,,,8594001695171.png
IMG_7285(1).HEIC,8594001695171,,,,,8594001695171.png
IMG_7285.HEIC,8594001695171,,,,,8594001695171.png
IMG_7284.HEIC,8594001695171,,,,,8594001695171.png
IMG_7286(1).HEIC,8594001693047,,,,,8594001693047.png
IMG_7286.HEIC,8594001693047,,,,,8594001693047.png
IMG_7287(1).HEIC,8594001693047,,,,,8594001693047.png
IMG_7287.HEIC,8594001693047,,,,,8594001693047.png
IMG_7289(1).HEIC,4610000620090,,,,,4610000620090.png
IMG_7289.HEIC,4610000620090,,,,,4610000620090.png
IMG_7291(1).HEIC,4751007731386,,,,,4751007731386.png
IMG_7291.HEIC,4751007731386,,,,,4751007731386.png
IMG_7293.HEIC,4605463008981,,,,,4605463008981.png
IMG_7293(1).HEIC,4605463008981,,,,,4605463008981.png
IMG_7295(1).HEIC,4680009032194,,,,,4680009032194.png
IMG_7295.HEIC,4680009032194,,,,,4680009032194.png
IMG_7297(1).HEIC,4870205752068,,,,,4870205752068.png
IMG_7297.HEIC,4870205752068,,,,,4870205752068.png
IMG_7299(1).HEIC,4870205751818,,,,,4870205751818.png
IMG_7299.HEIC,4870205751818,,,,,4870205751818.png
IMG_7301(1).HEIC,4605463002033,,,,,4605463002033.png
IMG_7301.HEIC,4605463002033,,,,,4605463002033.png
IMG_7303(1).HEIC,4870205752341,,,,,4870205752341.png
IMG_7303.HEIC,4870205752341,,,,,4870205752341.png
IMG_7305(1).HEIC,4605463003122,,,,,4605463003122.png
IMG_7305.HEIC,4605463003122,,,,,4605463003122.png
IMG_7307(1).HEIC,4610000620090,,,,,4610000620090.png
IMG_7307.HEIC,4610000620090,,,,,4610000620090.png
IMG_7309(1).HEIC,4605463003122,,,,,4605463003122.png
IMG_7309.HEIC,4605463003122,,,,,4605463003122.png
IMG_7311(1).HEIC,4607043163615,,,,,4607043163615.png
IMG_7311.HEIC,4607043163615,,,,,4607043163615.png
IMG_7313(1).HEIC,4610000620090,,,,,4610000620090.png
IMG_7313.HEIC,4610000620090,,,,,4610000620090.png
IMG_7315(1).HEIC,4870004932142,,,,,4870004932142.png
IMG_7315.HEIC,4870004932142,,,,,4870004932142.png
IMG_7317(1).HEIC,4610000620090,,,,,4610000620090.png
IMG_7317.HEIC,4610000620090,,,,,4610000620090.png
IMG_7319(1).HEIC,4870004930285,,,,,4870004930285.png
IMG_7319.HEIC,4870004930285,,,,,4870004930285.png
IMG_7321(1).HEIC,4751007730068,,,,,4751007730068.png
IMG_7321.HEIC,4751007730068,,,,,4751007730068.png
IMG_7325(1).HEIC,4870004930056,,,,,4870004930056.png
IMG_7325.HEIC,4870004930056,,,,,4870004930056.png
IMG_7327(1).HEIC,4870004930063,,,,,4870004930063.png
IMG_7327.HEIC,4870004930063,,,,,4870004930063.png
IMG_7329(1).HEIC,4870004931893,,,,,4870004931893.png
IMG_7329.HEIC,4870004931893,,,,,4870004931893.png
IMG_7331.HEIC,4870004931978,,,,,4870004931978.png
IMG_7331(1).HEIC,4870004931978,,,,,4870004931978.png
IMG_7333(1).HEIC,4870004931879,,,,,4870004931879.png
IMG_7333.HEIC,4870004931879,,,,,4870004931879.png
IMG_7335(1).HEIC,4605463003146,,,,,4605463003146.png
IMG_7335.HEIC,4605463003146,,,,,4605463003146.png
IMG_7339(1).HEIC,4607116767030,,,,,4607116767030.png
IMG_7339.HEIC,4607116767030,,,,,4607116767030.png
IMG_7341(1).HEIC,8410179002651,,,,,8410179002651.png
IMG_7341.HEIC,8410179002651,,,,,8410179002651.png
IMG_7343(1).HEIC,4607043162090,,,,,4607043162090.png
IMG_7343.HEIC,4607043162090,,,,,4607043162090.png
IMG_7345(1).HEIC,4751007730891,,,,,4751007730891.png
IMG_7345.HEIC,4751007730891,,,,,4751007730891.png
IMG_7348(1).HEIC,4870205752099,,,,,4870205752099.png
IMG_7348.HEIC,4870205752099,,,,,4870205752099.png
IMG_7349(1).HEIC,4870205752099,,,,,4870205752099.png
IMG_7349.HEIC,4870205752099,,,,,4870205752099.png
IMG_7350(1).HEIC,4870205752167,,,,,4870205752167.png
IMG_7350.HEIC,4870205752167,,,,,4870205752167.png
IMG_7351(1).HEIC,4870205752167,,,,,4870205752167.png
IMG_7351.HEIC,4870205752167,,,,,4870205752167.png
IMG_7353(1).HEIC,4605463002453,,,,,4605463002453.png
IMG_7353.HEIC,4605463002453,,,,,4605463002453.png
IMG_7354(1).HEIC,4870205752082,,,,,4870205752082.png
IMG_7354.HEIC,4870205752082,,,,,4870205752082.png
IMG_7355(1).HEIC,4870205752082,,,,,4870205752082.png
IMG_7355.HEIC,4870205752082,,,,,4870205752082.png
IMG_7358(1).HEIC,4870001546137,,,,,4870001546137.png
IMG_7358.HEIC,4870001546137,,,,,4870001546137.png
IMG_7360(1).HEIC,4870001547585,,,,,4870001547585.png
IMG_7360.HEIC,4870001547585,,,,,4870001547585.png
IMG_7362(1).HEIC,4606530474791,,,,,4606530474791.png
IMG_7362.HEIC,4606530474791,,,,,4606530474791.png
IMG_7364(1).HEIC,4870001545390,,,,,4870001545390.png
IMG_7364.HEIC,4870001545390,,,,,4870001545390.png
IMG_7366(1).HEIC,4870001547592,,,,,4870001547592.png
IMG_7366.HEIC,4870001547592,,,,,4870001547592.png
IMG_7368(1).HEIC,4606272023752,,,,,4606272023752.png
IMG_7368.HEIC,4606272023752,,,,,4606272023752.png
IMG_7370(1).HEIC,4600680025582,,,,,4600680025582.png
IMG_7370.HEIC,4600680025582,,,,,4600680025582.png
IMG_7372(1).HEIC,4600680025551,,,,,4600680025551.png
IMG_7372.HEIC,4600680025551,,,,,4600680025551.png
IMG_7374(1).HEIC,49500335,,,,,49500335.png
IMG_7374.HEIC,49500335,,,,,49500335.png
IMG_7376(1).HEIC,4600680025575,,,,,4600680025575.png
IMG_7376.HEIC,4600680025575,,,,,4600680025575.png
IMG_7378(1).HEIC,5900020031723,,,,,5900020031723.png
IMG_7378.HEIC,5900020031723,,,,,5900020031723.png
IMG_7380(1).HEIC,5900020013491,,,,,5900020013491.png
IMG_7380.HEIC,5900020013491,,,,,5900020013491.png
IMG_7382(1).HEIC,44349783,,,,,44349783.png
IMG_7382.HEIC,44349783,,,,,44349783.png
IMG_7384(1).HEIC,44315380,,,,,44315380.png
IMG_7384.HEIC,44315380,,,,,44315380.png
IMG_7386(1).HEIC,4606272023776,,,,,4606272023776.png
IMG_7386.HEIC,4606272023776,,,,,4606272023776.png
IMG_7388(1).HEIC,44311769,,,,,44311769.png
IMG_7388.HEIC,44311769,,,,,44311769.png
IMG_7390.HEIC,4870212480220,,,,,4870212480220.png
IMG_7394.HEIC,4640001890031,,,,,4640001890031.png
IMG_7396.HEIC,4870006487572,,,,,4870006487572.png
IMG_7398.HEIC,4607005090812,,,,,4607005090812.png
IMG_7400.HEIC,4870006489101,,,,,4870006489101.png
IMG_7402.HEIC,4607116767641,,,,,4607116767641.png
IMG_7404.HEIC,4781006000725,,,,,4781006000725.png
IMG_7406.HEIC,4781006000763,,,,,4781006000763.png
IMG_7408(1).HEIC,4607116767641,,,,,4607116767641.png
IMG_7408.HEIC,4607116767641,,,,,4607116767641.png
IMG_7410(1).HEIC,4670025505086,,,,,4670025505086.png
IMG_7410.HEIC,4670025505086,,,,,4670025505086.png
IMG_7412(1).HEIC,4607116761908,,,,,4607116761908.png
IMG_7412.HEIC,4607116761908,,,,,4607116761908.png
IMG_7414(1).HEIC,7607726761982,,,,,7607726761982.png
IMG_7414.HEIC,7607726761982,,,,,7607726761982.png
IMG_7416(1).HEIC,4607116761885,,,,,4607116761885.png
IMG_7416.HEIC,4607116761885,,,,,4607116761885.png
IMG_7417(1).HEIC,35787515907173,,,,,35787515907173.png
IMG_7418(1).HEIC,4870035001152,,,,,4870035001152.png
IMG_7418.HEIC,4870035001152,,,,,4870035001152.png
IMG_7417.HEIC,35787515907173,,,,,35787515907173.png
IMG_7420(1).HEIC,4680001221442,,,,,4680001221442.png
IMG_7420.HEIC,4680001221442,,,,,4680001221442.png
IMG_7419(1).HEIC,23621033493358,,,,,23621033493358.png
IMG_7419.HEIC,23621033493358,,,,,23621033493358.png
IMG_7422(1).HEIC,4607083550482,,,,,4607083550482.png
IMG_7422.HEIC,4607083550482,,,,,4607083550482.png
IMG_7421(1).HEIC,29841174002927,,,,,29841174002927.png
IMG_7421.HEIC,29841174002927,,,,,29841174002927.png
IMG_7424(1).HEIC,4870001224714,,,,,4870001224714.png
IMG_7424.HEIC,4870001224714,,,,,4870001224714.png
IMG_7426(1).HEIC,4870001224639,,,,,4870001224639.png
IMG_7426.HEIC,4870001224639,,,,,4870001224639.png
IMG_7428(1).HEIC,4601780007706,,,,,4601780007706.png
IMG_7428.HEIC,4601780007706,,,,,4601780007706.png
IMG_7430(1).HEIC,4870003711007,,,,,4870003711007.png
IMG_7430.HEIC,4870003711007,,,,,4870003711007.png
IMG_7432(1).HEIC,4870006610789,,,,,4870006610789.png
IMG_7432.HEIC,4870006610789,,,,,4870006610789.png
IMG_7434(1).HEIC,4870001224677,,,,,4870001224677.png
IMG_7434.HEIC,4870001224677,,,,,4870001224677.png
IMG_7436(1).HEIC,8076809583572,,,,,8076809583572.png
IMG_7436.HEIC,8076809583572,,,,,8076809583572.png
IMG_7440(1).HEIC,8076809576093,,,,,8076809576093.png
IMG_7440.HEIC,8076809576093,,,,,8076809576093.png
IMG_7442(1).HEIC,8076809575980,,,,,8076809575980.png
IMG_7442.HEIC,8076809575980,,,,,8076809575980.png
IMG_7444(1).HEIC,8076809576086,,,,,8076809576086.png
IMG_7444.HEIC,8076809576086,,,,,8076809576086.png
IMG_7446(1).HEIC,8076809575973,,,,,8076809575973.png
IMG_7446.HEIC,8076809575973,,,,,8076809575973.png
IMG_7448(1).HEIC,8076809576079,,,,,8076809576079.png
IMG_7448.HEIC,8076809576079,,,,,8076809576079.png
IMG_7450(1).HEIC,8076809575966,,,,,8076809575966.png
IMG_7450.HEIC,8076809575966,,,,,8076809575966.png
IMG_7452(1).HEIC,8076809576000,,,,,8076809576000.png
IMG_7452.HEIC,8076809576000,,,,,8076809576000.png
IMG_7454(1).HEIC,8076809576130,,,,,8076809576130.png
IMG_7454.HEIC,8076809576130,,,,,8076809576130.png
IMG_7456(1).HEIC,4870006610321,,,,,4870006610321.png
IMG_7456.HEIC,4870006610321,,,,,4870006610321.png
IMG_7458(1).HEIC,4870006612196,,,,,4870006612196.png
IMG_7458.HEIC,4870006612196,,,,,4870006612196.png
IMG_7460(1).HEIC,4870006612202,,,,,4870006612202.png
IMG_7460.HEIC,4870006612202,,,,,4870006612202.png
IMG_7462(1).HEIC,4870006610338,,,,,4870006610338.png
IMG_7462.HEIC,4870006610338,,,,,4870006610338.png
IMG_7464(1).HEIC,4870006612127,,,,,4870006612127.png
IMG_7464.HEIC,4870006612127,,,,,4870006612127.png
IMG_7466(1).HEIC,4870006610284,,,,,4870006610284.png
IMG_7466.HEIC,4870006610284,,,,,4870006610284.png
IMG_7468(1).HEIC,4870003180100,,,,,4870003180100.png
IMG_7468.HEIC,4870003180100,,,,,4870003180100.png
IMG_7470(1).HEIC,4870003180117,,,,,4870003180117.png
IMG_7470.HEIC,4870003180117,,,,,4870003180117.png
IMG_7472(1).HEIC,4870003180360,,,,,4870003180360.png
IMG_7472.HEIC,4870003180360,,,,,4870003180360.png
IMG_7474(1).HEIC,4870003180056,,,,,4870003180056.png
IMG_7474.HEIC,4870003180056,,,,,4870003180056.png
IMG_7476.HEIC,4870003181145,,,,,4870003181145.png
IMG_7478(1).HEIC,4870003180353,,,,,4870003180353.png
IMG_7478.HEIC,4870003180353,,,,,4870003180353.png
IMG_7480.HEIC,4870003180353,,,,,4870003180353.png
IMG_7484.HEIC,4870003180025,,,,,4870003180025.png
IMG_7486(1).HEIC,4870003165152,,,,,4870003165152.png
IMG_7486.HEIC,4870003165152,,,,,4870003165152.png
IMG_7488(1).HEIC,4870003180063,,,,,4870003180063.png
IMG_7488.HEIC,4870003180063,,,,,4870003180063.png
IMG_7490(1).HEIC,4870005840361,,,,,4870005840361.png
IMG_7490.HEIC,4870005840361,,,,,4870005840361.png
IMG_7492(1).HEIC,4870001223427,,,,,4870001223427.png
IMG_7492.HEIC,4870001223427,,,,,4870001223427.png
IMG_7494(1).HEIC,4870005840361,,,,,4870005840361.png
IMG_7494.HEIC,4870005840361,,,,,4870005840361.png
IMG_7496(1).HEIC,4870005840392,,,,,4870005840392.png
IMG_7496.HEIC,4870005840392,,,,,4870005840392.png
IMG_7498(1).HEIC,4870006617436,,,,,4870006617436.png
IMG_7498.HEIC,4870006617436,,,,,4870006617436.png
IMG_7500(1).HEIC,4870006617023,,,,,4870006617023.png
IMG_7500.HEIC,4870006617023,,,,,4870006617023.png
IMG_7502(1).HEIC,4870006616934,,,,,4870006616934.png
IMG_7502.HEIC,4870006616934,,,,,4870006616934.png
IMG_7504(1).HEIC,4870006616880,,,,,4870006616880.png
IMG_7504.HEIC,4870006616880,,,,,4870006616880.png
IMG_7506(1).HEIC,4870006616897,,,,,4870006616897.png
IMG_7506.HEIC,4870006616897,,,,,4870006616897.png
IMG_7508(1).HEIC,4870006616941,,,,,4870006616941.png
IMG_7508.HEIC,4870006616941,,,,,4870006616941.png
IMG_7510(1).HEIC,4870006616910,,,,,4870006616910.png
IMG_7510.HEIC,4870006616910,,,,,4870006616910.png
IMG_7512(1).HEIC,4870006616958,,,,,4870006616958.png
IMG_7512.HEIC,4870006616958,,,,,4870006616958.png
IMG_7514(1).HEIC,4870006617283,,,,,4870006617283.png
IMG_7514.HEIC,4870006617283,,,,,4870006617283.png
IMG_7516(1).HEIC,4870006616965,,,,,4870006616965.png
IMG_7516.HEIC,4870006616965,,,,,4870006616965.png
IMG_7518(1).HEIC,4870005840248,,,,,4870005840248.png
IMG_7518.HEIC,4870005840248,,,,,4870005840248.png
IMG_7520(1).HEIC,4870003180353,,,,,4870003180353.png
IMG_7520.HEIC,4870003180353,,,,,4870003180353.png
IMG_7522(1).HEIC,4870003180056,,,,,4870003180056.png
IMG_7522.HEIC,4870003180056,,,,,4870003180056.png
IMG_7524(1).HEIC,4870005840279,,,,,4870005840279.png
IMG_7524.HEIC,4870005840279,,,,,4870005840279.png
IMG_7526(1).HEIC,4870006611564,,,,,4870006611564.png
IMG_7526.HEIC,4870006611564,,,,,4870006611564.png
IMG_7528(1).HEIC,4690329010758,,,,,4690329010758.png
IMG_7528.HEIC,4690329010758,,,,,4690329010758.png
IMG_7531(1).HEIC,4690329010741,,,,,4690329010741.png
IMG_7531.HEIC,4690329010741,,,,,4690329010741.png
IMG_7533(1).HEIC,4690329010772,,,,,4690329010772.png
IMG_7533.HEIC,4690329010772,,,,,4690329010772.png
IMG_7535(1).HEIC,4690329010789,,,,,4690329010789.png
IMG_7535.HEIC,4690329010789,,,,,4690329010789.png
IMG_7537.HEIC,4690329010765,,,,,4690329010765.png
IMG_7539(1).HEIC,4870006617375,,,,,4870006617375.png
IMG_7539.HEIC,4870006617375,,,,,4870006617375.png
IMG_7541.HEIC,4870205311708,,,,,4870205311708.png
IMG_7545.HEIC,4601780006976,,,,,4601780006976.png
IMG_7547.HEIC,4601780021429,,,,,4601780021429.png
IMG_7549(1).HEIC,4601780009885,,,,,4601780009885.png
IMG_7549.HEIC,4601780009885,,,,,4601780009885.png
IMG_7561(1).HEIC,4601780014735,,,,,4601780014735.png
IMG_7561.HEIC,4601780014735,,,,,4601780014735.png
IMG_7563(1).HEIC,4601780014759,,,,,4601780014759.png
IMG_7563.HEIC,4601780014759,,,,,4601780014759.png
IMG_7565(1).HEIC,4690329007505,,,,,4690329007505.png
IMG_7565.HEIC,4690329007505,,,,,4690329007505.png
IMG_7567(1).HEIC,4870001780029,,,,,4870001780029.png
IMG_7567.HEIC,4870001780029,,,,,4870001780029.png
IMG_7570(1).HEIC,4870001157937,,,,,4870001157937.png
IMG_7570.HEIC,4870001157937,,,,,4870001157937.png
IMG_7572(1).HEIC,4870001157913,,,,,4870001157913.png
IMG_7572.HEIC,4870001157913,,,,,4870001157913.png
IMG_7574(1).HEIC,4870002325441,,,,,4870002325441.png
IMG_7574.HEIC,4870002325441,,,,,4870002325441.png
IMG_7576(1).HEIC,4870001571023,,,,,4870001571023.png
IMG_7576.HEIC,4870001571023,,,,,4870001571023.png
IMG_7578.HEIC,4870001572228,,,,,4870001572228.png
IMG_7580.HEIC,4870001157913,,,,,4870001157913.png
IMG_7582.HEIC,4870001159948,,,,,4870001159948.png
IMG_7584.HEIC,4870002326172,,,,,4870002326172.png
IMG_7586.HEIC,4870001571030,,,,,4870001571030.png
IMG_7588(1).HEIC,4870001571573,,,,,4870001571573.png
IMG_7588.HEIC,4870001571573,,,,,4870001571573.png
IMG_7590(1).HEIC,4870001159955,,,,,4870001159955.png
IMG_7590.HEIC,4870001159955,,,,,4870001159955.png
IMG_7592.HEIC,4870002326172,,,,,4870002326172.png
IMG_7592(1).HEIC,4870002326172,,,,,4870002326172.png
IMG_7594(1).HEIC,4870001571030,,,,,4870001571030.png
IMG_7594.HEIC,4870001571030,,,,,4870001571030.png
IMG_7596(1).HEIC,4870001572242,,,,,4870001572242.png
IMG_7596.HEIC,4870001572242,,,,,4870001572242.png
IMG_7598(1).HEIC,4870001157920,,,,,4870001157920.png
IMG_7598.HEIC,4870001157920,,,,,4870001157920.png
IMG_7600(1).HEIC,4870002328213,,,,,4870002328213.png
IMG_7600.HEIC,4870002328213,,,,,4870002328213.png
IMG_7602(1).HEIC,8445290788214,,,,,8445290788214.png
IMG_7602.HEIC,8445290788214,,,,,8445290788214.png
IMG_7604(1).HEIC,7613287073594,,,,,7613287073594.png
IMG_7604.HEIC,7613287073594,,,,,7613287073594.png
IMG_7606(1).HEIC,8002205383287,,,,,8002205383287.png
IMG_7606.HEIC,8002205383287,,,,,8002205383287.png
IMG_7608(1).HEIC,8002205358179,,,,,8002205358179.png
IMG_7608.HEIC,8002205358179,,,,,8002205358179.png
IMG_7610(1).HEIC,8445290764225,,,,,8445290764225.png
IMG_7610.HEIC,8445290764225,,,,,8445290764225.png
IMG_7612(1).HEIC,8445290140159,,,,,8445290140159.png
IMG_7612.HEIC,8445290140159,,,,,8445290140159.png
IMG_7614(1).HEIC,8445290141552,,,,,8445290141552.png
IMG_7614.HEIC,8445290141552,,,,,8445290141552.png
IMG_7616(1).HEIC,8445290761057,,,,,8445290761057.png
IMG_7616.HEIC,8445290761057,,,,,8445290761057.png
IMG_7618(1).HEIC,8445290762801,,,,,8445290762801.png
IMG_7618.HEIC,8445290762801,,,,,8445290762801.png
IMG_7620(1).HEIC,8445290141590,,,,,8445290141590.png
IMG_7620.HEIC,8445290141590,,,,,8445290141590.png
IMG_7622(1).HEIC,8445290141576,,,,,8445290141576.png
IMG_7622.HEIC,8445290141576,,,,,8445290141576.png
IMG_7624(1).HEIC,8445290765765,,,,,8445290765765.png
IMG_7624.HEIC,8445290765765,,,,,8445290765765.png
IMG_7626(1).HEIC,8445290765765,,,,,8445290765765.png
IMG_7626.HEIC,8445290765765,,,,,8445290765765.png
IMG_7628.HEIC,8445290136947,,,,,8445290136947.png
IMG_7628(1).HEIC,8445290136947,,,,,8445290136947.png
IMG_7630(1).HEIC,8445290765789,,,,,8445290765789.png
IMG_7630.HEIC,8445290765789,,,,,8445290765789.png
IMG_7633(1).HEIC,7613037738391,,,,,7613037738391.png
IMG_7633.HEIC,7613037738391,,,,,7613037738391.png
IMG_7635(1).HEIC,7613037737806,,,,,7613037737806.png
IMG_7635.HEIC,7613037737806,,,,,7613037737806.png
IMG_7637(1).HEIC,4607065003135,,,,,4607065003135.png
IMG_7637.HEIC,4607065003135,,,,,4607065003135.png
IMG_7639(1).HEIC,4607065371227,,,,,4607065371227.png
IMG_7639.HEIC,4607065371227,,,,,4607065371227.png
IMG_7641(1).HEIC,4607065371166,,,,,4607065371166.png
IMG_7641.HEIC,4607065371166,,,,,4607065371166.png
IMG_7647(1).HEIC,7622202033896,,,,,7622202033896.png
IMG_7647.HEIC,7622202033896,,,,,7622202033896.png
IMG_7649(1).HEIC,7622210575517,,,,,7622210575517.png
IMG_7649.HEIC,7622210575517,,,,,7622210575517.png
IMG_7651(1).HEIC,7622202203534,,,,,7622202203534.png
IMG_7651.HEIC,7622202203534,,,,,7622202203534.png
IMG_7653(1).HEIC,7622202203534,,,,,7622202203534.png
IMG_7653.HEIC,7622202203534,,,,,7622202203534.png
IMG_7655(1).HEIC,7622201751623,,,,,7622201751623.png
IMG_7655.HEIC,7622201751623,,,,,7622201751623.png
IMG_7657(1).HEIC,7622201751623,,,,,7622201751623.png
IMG_7657.HEIC,7622201751623,,,,,7622201751623.png
IMG_7659(1).HEIC,745125381992,,,,,745125381992.png
IMG_7659.HEIC,745125381992,,,,,745125381992.png
IMG_7661(1).HEIC,745125381497,,,,,745125381497.png
IMG_7661.HEIC,745125381497,,,,,745125381497.png
IMG_7660(1).HEIC,20226434284227,,,,,20226434284227.png
IMG_7660.HEIC,20226434284227,,,,,20226434284227.png
IMG_7663(1).HEIC,4605209003690,,,,,4605209003690.png
IMG_7663.HEIC,4605209003690,,,,,4605209003690.png
IMG_7665(1).HEIC,745125381466,,,,,745125381466.png
IMG_7665.HEIC,745125381466,,,,,745125381466.png
IMG_7667(1).HEIC,745125381435,,,,,745125381435.png
IMG_7667.HEIC,745125381435,,,,,745125381435.png
IMG_7669(1).HEIC,745125381459,,,,,745125381459.png
IMG_7669.HEIC,745125381459,,,,,745125381459.png
IMG_7671(1).HEIC,745125381473,,,,,745125381473.png
IMG_7671.HEIC,745125381473,,,,,745125381473.png
IMG_7673(1).HEIC,745125381206,,,,,745125381206.png
IMG_7673.HEIC,745125381206,,,,,745125381206.png
IMG_7675(1).HEIC,745125381985,,,,,745125381985.png
IMG_7675.HEIC,745125381985,,,,,745125381985.png
IMG_7677(1).HEIC,745125381879,,,,,745125381879.png
IMG_7677.HEIC,745125381879,,,,,745125381879.png
IMG_7679(1).HEIC,745125381626,,,,,745125381626.png
IMG_7679.HEIC,745125381626,,,,,745125381626.png
IMG_7682(1).HEIC,745125381503,,,,,745125381503.png
IMG_7682.HEIC,745125381503,,,,,745125381503.png
IMG_7684(1).HEIC,710497627023,,,,,710497627023.png
IMG_7684.HEIC,710497627023,,,,,710497627023.png
IMG_7686(1).HEIC,745125381541,,,,,745125381541.png
IMG_7686.HEIC,745125381541,,,,,745125381541.png
IMG_7688(1).HEIC,745125381534,,,,,745125381534.png
IMG_7688.HEIC,745125381534,,,,,745125381534.png
IMG_7690(1).HEIC,4605209012777,,,,,4605209012777.png
IMG_7690.HEIC,4605209012777,,,,,4605209012777.png
IMG_7692(1).HEIC,745125381527,,,,,745125381527.png
IMG_7692.HEIC,745125381527,,,,,745125381527.png
IMG_7694(1).HEIC,745125381305,,,,,745125381305.png
IMG_7694.HEIC,745125381305,,,,,745125381305.png
IMG_7698.HEIC,745125381336,,,,,745125381336.png
IMG_7698(1).HEIC,745125381336,,,,,745125381336.png
IMG_7700(1).HEIC,745125381336,,,,,745125381336.png
IMG_7700.HEIC,745125381336,,,,,745125381336.png
IMG_7702(1).HEIC,745125381411,,,,,745125381411.png
IMG_7702.HEIC,745125381411,,,,,745125381411.png
IMG_7704(1).HEIC,745125381213,,,,,745125381213.png
IMG_7704.HEIC,745125381213,,,,,745125381213.png
IMG_7707(1).HEIC,745125381503,,,,,745125381503.png
IMG_7707.HEIC,745125381503,,,,,745125381503.png
IMG_7709(1).HEIC,745125381589,,,,,745125381589.png
IMG_7709.HEIC,745125381589,,,,,745125381589.png
IMG_7711(1).HEIC,745125381602,,,,,745125381602.png
IMG_7711.HEIC,745125381602,,,,,745125381602.png
IMG_7713(1).HEIC,745125381558,,,,,745125381558.png
IMG_7713.HEIC,745125381558,,,,,745125381558.png
IMG_7715(1).HEIC,745125381619,,,,,745125381619.png
IMG_7715.HEIC,745125381619,,,,,745125381619.png
IMG_7717(1).HEIC,710497627047,,,,,710497627047.png
IMG_7717.HEIC,710497627047,,,,,710497627047.png
IMG_7719(1).HEIC,745125381510,,,,,745125381510.png
IMG_7719.HEIC,745125381510,,,,,745125381510.png
IMG_7721(1).HEIC,745125381510,,,,,745125381510.png
IMG_7721.HEIC,745125381510,,,,,745125381510.png
IMG_7723(1).HEIC,745125381442,,,,,745125381442.png
IMG_7723.HEIC,745125381442,,,,,745125381442.png
IMG_7725(1).HEIC,745125381282,,,,,745125381282.png
IMG_7725.HEIC,745125381282,,,,,745125381282.png
IMG_7727(1).HEIC,745125381893,,,,,745125381893.png
IMG_7727.HEIC,745125381893,,,,,745125381893.png
IMG_7729(1).HEIC,745125381244,,,,,745125381244.png
IMG_7729.HEIC,745125381244,,,,,745125381244.png
IMG_7731(1).HEIC,745125381329,,,,,745125381329.png
IMG_7731.HEIC,745125381329,,,,,745125381329.png
IMG_7733(1).HEIC,745125381367,,,,,745125381367.png
IMG_7733.HEIC,745125381367,,,,,745125381367.png
IMG_7735(1).HEIC,745125381596,,,,,745125381596.png
IMG_7735.HEIC,745125381596,,,,,745125381596.png
IMG_7737(1).HEIC,745125381930,,,,,745125381930.png
IMG_7736(1).HEIC,41577561514286,,,,,41577561514286.png
IMG_7737.HEIC,745125381930,,,,,745125381930.png
IMG_7736.HEIC,41577561514286,,,,,41577561514286.png
IMG_7739(1).HEIC,710497627030,,,,,710497627030.png
IMG_7739.HEIC,710497627030,,,,,710497627030.png
IMG_7741(1).HEIC,745125382067,,,,,745125382067.png
IMG_7741.HEIC,745125382067,,,,,745125382067.png
IMG_7743(1).HEIC,710497627030,,,,,710497627030.png
IMG_7743.HEIC,710497627030,,,,,710497627030.png
IMG_7745(1).HEIC,745125381947,,,,,745125381947.png
IMG_7745.HEIC,745125381947,,,,,745125381947.png
IMG_7747(1).HEIC,745125381558,,,,,745125381558.png
IMG_7747.HEIC,745125381558,,,,,745125381558.png
IMG_7749(1).HEIC,745125382067,,,,,745125382067.png
IMG_7749.HEIC,745125382067,,,,,745125382067.png
IMG_7751(1).HEIC,745125381879,,,,,745125381879.png
IMG_7751.HEIC,745125381879,,,,,745125381879.png
IMG_7753(1).HEIC,745125381350,,,,,745125381350.png
IMG_7753.HEIC,745125381350,,,,,745125381350.png
IMG_7755(1).HEIC,745125381862,,,,,745125381862.png
IMG_7755.HEIC,745125381862,,,,,745125381862.png
IMG_7756(1).HEIC,745125381862,,,,,745125381862.png
IMG_7756.HEIC,745125381862,,,,,745125381862.png
IMG_7758(1).HEIC,745125382135,,,,,745125382135.png
IMG_7758.HEIC,745125382135,,,,,745125382135.png
IMG_7760.HEIC,745125382142,,,,,745125382142.png
IMG_7760(1).HEIC,745125382142,,,,,745125382142.png
IMG_7762(1).HEIC,745125382128,,,,,745125382128.png
IMG_7762.HEIC,745125382128,,,,,745125382128.png
IMG_7764(1).HEIC,745125382159,,,,,745125382159.png
IMG_7764.HEIC,745125382159,,,,,745125382159.png
IMG_7766(1).HEIC,710497627009,,,,,710497627009.png
IMG_7766.HEIC,710497627009,,,,,710497627009.png
IMG_7768(1).HEIC,745125382050,,,,,745125382050.png
IMG_7768.HEIC,745125382050,,,,,745125382050.png
IMG_7770(1).HEIC,745125382043,,,,,745125382043.png
IMG_7770.HEIC,745125382043,,,,,745125382043.png
IMG_7772(1).HEIC,745125381909,,,,,745125381909.png
IMG_7772.HEIC,745125381909,,,,,745125381909.png
IMG_7774(1).HEIC,710497627054,,,,,710497627054.png
IMG_7774.HEIC,710497627054,,,,,710497627054.png
IMG_7776(1).HEIC,745125381237,,,,,745125381237.png
IMG_7776.HEIC,745125381237,,,,,745125381237.png
IMG_7778(1).HEIC,745125381251,,,,,745125381251.png
IMG_7778.HEIC,745125381251,,,,,745125381251.png
IMG_7777(1).HEIC,52294262654689,,,,,52294262654689.png
IMG_7777.HEIC,52294262654689,,,,,52294262654689.png
IMG_7780(1).HEIC,4607044605947,,,,,4607044605947.png
IMG_7780.HEIC,4607044605947,,,,,4607044605947.png
IMG_7782(1).HEIC,745125381367,,,,,745125381367.png
IMG_7782.HEIC,745125381367,,,,,745125381367.png
IMG_7784(1).HEIC,4605209012777,,,,,4605209012777.png
IMG_7784.HEIC,4605209012777,,,,,4605209012777.png
IMG_7786(1).HEIC,745125381787,,,,,745125381787.png
IMG_7786.HEIC,745125381787,,,,,745125381787.png
IMG_7788(1).HEIC,745125381831,,,,,745125381831.png
IMG_7788.HEIC,745125381831,,,,,745125381831.png
IMG_7790(1).HEIC,745125381855,,,,,745125381855.png
IMG_7790.HEIC,745125381855,,,,,745125381855.png
IMG_7792(1).HEIC,745125381831,,,,,745125381831.png
IMG_7792.HEIC,745125381831,,,,,745125381831.png
IMG_7794(1).HEIC,745125381404,,,,,745125381404.png
IMG_7794.HEIC,745125381404,,,,,745125381404.png
IMG_7796(1).HEIC,745125381398,,,,,745125381398.png
IMG_7796.HEIC,745125381398,,,,,745125381398.png
IMG_7798(1).HEIC,8410300366362,,,,,8410300366362.png
IMG_7798.HEIC,8410300366362,,,,,8410300366362.png
IMG_7800(1).HEIC,745125381404,,,,,745125381404.png
IMG_7800.HEIC,745125381404,,,,,745125381404.png
IMG_7804(1).HEIC,4870007230900,,,,,4870007230900.png
IMG_7804.HEIC,4870007230900,,,,,4870007230900.png
IMG_7806(1).HEIC,4870007232348,,,,,4870007232348.png
IMG_7806.HEIC,4870007232348,,,,,4870007232348.png
IMG_7808(1).HEIC,4870007234649,,,,,4870007234649.png
IMG_7808.HEIC,4870007234649,,,,,4870007234649.png
IMG_7810(1).HEIC,4870007231358,,,,,4870007231358.png
IMG_7810.HEIC,4870007231358,,,,,4870007231358.png
IMG_7814(1).HEIC,4870007231075,,,,,4870007231075.png
IMG_7814.HEIC,4870007231075,,,,,4870007231075.png
IMG_7816(1).HEIC,4870007234014,,,,,4870007234014.png
IMG_7816.HEIC,4870007234014,,,,,4870007234014.png
IMG_7818(1).HEIC,4870007231693,,,,,4870007231693.png
IMG_7818.HEIC,4870007231693,,,,,4870007231693.png
IMG_7820(1).HEIC,4870007233420,,,,,4870007233420.png
IMG_7820.HEIC,4870007233420,,,,,4870007233420.png
IMG_7824(1).HEIC,4870007231242,,,,,4870007231242.png
IMG_7824.HEIC,4870007231242,,,,,4870007231242.png
IMG_7826(1).HEIC,4870007230719,,,,,4870007230719.png
IMG_7826.HEIC,4870007230719,,,,,4870007230719.png
IMG_7827(1).HEIC,4870007232423,,,,,4870007232423.png
IMG_7828(1).HEIC,4870007232423,,,,,4870007232423.png
IMG_7827.HEIC,4870007232423,,,,,4870007232423.png
IMG_7828.HEIC,4870007232423,,,,,4870007232423.png
IMG_7830(1).HEIC,4870007231242,,,,,4870007231242.png
IMG_7830.HEIC,4870007231242,,,,,4870007231242.png
IMG_7832(1).HEIC,4870007231082,,,,,4870007231082.png
IMG_7832.HEIC,4870007231082,,,,,4870007231082.png
IMG_7834(1).HEIC,4870007234618,,,,,4870007234618.png
IMG_7834.HEIC,4870007234618,,,,,4870007234618.png
IMG_7836(1).HEIC,4870007230368,,,,,4870007230368.png
IMG_7836.HEIC,4870007230368,,,,,4870007230368.png
IMG_7838(1).HEIC,4870007231334,,,,,4870007231334.png
IMG_7838.HEIC,4870007231334,,,,,4870007231334.png
IMG_7840(1).HEIC,4870007231358,,,,,4870007231358.png
IMG_7840.HEIC,4870007231358,,,,,4870007231358.png
IMG_7842(1).HEIC,4870007231723,,,,,4870007231723.png
IMG_7842.HEIC,4870007231723,,,,,4870007231723.png
IMG_7844(1).HEIC,4870007232393,,,,,4870007232393.png
IMG_7844.HEIC,4870007232393,,,,,4870007232393.png
IMG_7846(1).HEIC,4870007233185,,,,,4870007233185.png
IMG_7846.HEIC,4870007233185,,,,,4870007233185.png
IMG_7848(1).HEIC,4605922001737,,,,,4605922001737.png
IMG_7848.HEIC,4605922001737,,,,,4605922001737.png
IMG_7852(1).HEIC,4602358009689,,,,,4602358009689.png
IMG_7852.HEIC,4602358009689,,,,,4602358009689.png
IMG_7854(1).HEIC,4602358006909,,,,,4602358006909.png
IMG_7854.HEIC,4602358006909,,,,,4602358006909.png
IMG_7855(1).HEIC,4660013331438,,,,,4660013331438.png
IMG_7856(1).HEIC,4660013331438,,,,,4660013331438.png
IMG_7855.HEIC,4660013331438,,,,,4660013331438.png
IMG_7856.HEIC,4660013331438,,,,,4660013331438.png
IMG_7860(1).HEIC,4602358003663,,,,,4602358003663.png
IMG_7860.HEIC,4602358003663,,,,,4602358003663.png
IMG_7862.HEIC,4602358009696,,,,,4602358009696.png
IMG_7862(1).HEIC,4602358009696,,,,,4602358009696.png
IMG_7864(1).HEIC,4605922001928,,,,,4605922001928.png
IMG_7864.HEIC,4605922001928,,,,,4605922001928.png
IMG_7866.HEIC,4605922001737,,,,,4605922001737.png
IMG_7866(1).HEIC,4605922001737,,,,,4605922001737.png
IMG_7868(1).HEIC,4602358003472,,,,,4602358003472.png
IMG_7868.HEIC,4602358003472,,,,,4602358003472.png
IMG_7870(1).HEIC,4602358007128,,,,,4602358007128.png
IMG_7870.HEIC,4602358007128,,,,,4602358007128.png
IMG_7872(1).HEIC,4602358008224,,,,,4602358008224.png
IMG_7872.HEIC,4602358008224,,,,,4602358008224.png
IMG_7874.HEIC,4605922001928,,,,,4605922001928.png
IMG_7874(1).HEIC,4605922001928,,,,,4605922001928.png
IMG_7876(1).HEIC,4602358003472,,,,,4602358003472.png
IMG_7876.HEIC,4602358003472,,,,,4602358003472.png
IMG_7878(1).HEIC,4607041655303,,,,,4607041655303.png
IMG_7878.HEIC,4607041655303,,,,,4607041655303.png
IMG_7882(1).HEIC,4602358008064,,,,,4602358008064.png
IMG_7882.HEIC,4602358008064,,,,,4602358008064.png
IMG_7884(1).HEIC,4860019001810,,,,,4860019001810.png
IMG_7884.HEIC,4860019001810,,,,,4860019001810.png
IMG_7886(1).HEIC,4860019003104,,,,,4860019003104.png
IMG_7886.HEIC,4860019003104,,,,,4860019003104.png
IMG_7888(1).HEIC,4860019003081,,,,,4860019003081.png
IMG_7888.HEIC,4860019003081,,,,,4860019003081.png
IMG_7890(1).HEIC,4860019003043,,,,,4860019003043.png
IMG_7890.HEIC,4860019003043,,,,,4860019003043.png
IMG_7892(1).HEIC,4860019001346,,,,,4860019001346.png
IMG_7892.HEIC,4860019001346,,,,,4860019001346.png
IMG_7894(1).HEIC,4860019001339,,,,,4860019001339.png
IMG_7894.HEIC,4860019001339,,,,,4860019001339.png
IMG_7896(1).HEIC,4860019001414,,,,,4860019001414.png
IMG_7896.HEIC,4860019001414,,,,,4860019001414.png
IMG_7898(1).HEIC,4860019001353,,,,,4860019001353.png
IMG_7898.HEIC,4860019001353,,,,,4860019001353.png
IMG_7902(1).HEIC,10926048669207,,,,,10926048669207.png
IMG_7902.HEIC,10926048669207,,,,,10926048669207.png
IMG_7904(1).HEIC,4870002326172,,,,,4870002326172.png
IMG_7904.HEIC,4870002326172,,,,,4870002326172.png
IMG_7906(1).HEIC,4870001571030,,,,,4870001571030.png
IMG_7906.HEIC,4870001571030,,,,,4870001571030.png
IMG_7908.HEIC,4870001571030,,,,,4870001571030.png
IMG_7908(1).HEIC,4870001571030,,,,,4870001571030.png
IMG_7912(1).HEIC,4870234680219,,,,,4870234680219.png
IMG_7912.HEIC,4870234680219,,,,,4870234680219.png
IMG_7914(1).HEIC,4870071000218,,,,,4870071000218.png
IMG_7914.HEIC,4870071000218,,,,,4870071000218.png
IMG_7916(1).HEIC,4870234680332,,,,,4870234680332.png
IMG_7916.HEIC,4870234680332,,,,,4870234680332.png
IMG_7918(1).HEIC,4870234680349,,,,,4870234680349.png
IMG_7918.HEIC,4870234680349,,,,,4870234680349.png
IMG_7920(1).HEIC,4870234680950,,,,,4870234680950.png
IMG_7920.HEIC,4870234680950,,,,,4870234680950.png
IMG_7922(1).HEIC,4870234681377,,,,,4870234681377.png
IMG_7922.HEIC,4870234681377,,,,,4870234681377.png
IMG_7924(1).HEIC,4870234680219,,,,,4870234680219.png
IMG_7924.HEIC,4870234680219,,,,,4870234680219.png
IMG_7926(1).HEIC,4870234681377,,,,,4870234681377.png
IMG_7926.HEIC,4870234681377,,,,,4870234681377.png
IMG_7928(1).HEIC,4870234680219,,,,,4870234680219.png
IMG_7928.HEIC,4870234680219,,,,,4870234680219.png
IMG_7932(1).HEIC,4870071003806,,,,,4870071003806.png
IMG_7932.HEIC,4870071003806,,,,,4870071003806.png
IMG_7938(1).HEIC,4870234680943,,,,,4870234680943.png
IMG_7938.HEIC,4870234680943,,,,,4870234680943.png
IMG_7940.HEIC,4870234680226,,,,,4870234680226.png
IMG_7940(1).HEIC,4870234680226,,,,,4870234680226.png
IMG_7942(1).HEIC,4870234680240,,,,,4870234680240.png
IMG_7942.HEIC,4870234680240,,,,,4870234680240.png
IMG_7944(1).HEIC,4870234680226,,,,,4870234680226.png
IMG_7944.HEIC,4870234680226,,,,,4870234680226.png
IMG_7946(1).HEIC,4870234680226,,,,,4870234680226.png
IMG_7946.HEIC,4870234680226,,,,,4870234680226.png
IMG_7948(1).HEIC,4870234680943,,,,,4870234680943.png
IMG_7948.HEIC,4870234680943,,,,,4870234680943.png
IMG_7952(1).HEIC,4870001157913,,,,,4870001157913.png
IMG_7952.HEIC,4870001157913,,,,,4870001157913.png
IMG_7954(1).HEIC,4870001157937,,,,,4870001157937.png
IMG_7954.HEIC,4870001157937,,,,,4870001157937.png
IMG_7956(1).HEIC,4870002325441,,,,,4870002325441.png
IMG_7956.HEIC,4870002325441,,,,,4870002325441.png
IMG_7958(1).HEIC,4870002328404,,,,,4870002328404.png
IMG_7958.HEIC,4870002328404,,,,,4870002328404.png
IMG_7960(1).HEIC,4870001571023,,,,,4870001571023.png
IMG_7960.HEIC,4870001571023,,,,,4870001571023.png
IMG_7962(1).HEIC,4870002325441,,,,,4870002325441.png
IMG_7962.HEIC,4870002325441,,,,,4870002325441.png
IMG_7964(1).HEIC,4870001159955,,,,,4870001159955.png
IMG_7964.HEIC,4870001159955,,,,,4870001159955.png
IMG_7966.HEIC,4870001159948,,,,,4870001159948.png
IMG_7968.HEIC,4870001571030,,,,,4870001571030.png
IMG_7970.HEIC,4870001571030,,,,,4870001571030.png
IMG_7972.HEIC,4870001571573,,,,,4870001571573.png
IMG_7974.HEIC,4870035006706,,,,,4870035006706.png
IMG_7976(1).HEIC,4870035000926,,,,,4870035000926.png
IMG_7976.HEIC,4870035000926,,,,,4870035000926.png
IMG_7978(1).HEIC,48705011,,,,,48705011.png
IMG_7978.HEIC,48705011,,,,,48705011.png
IMG_7980(1).HEIC,44311128,,,,,44311128.png
IMG_7980.HEIC,44311128,,,,,44311128.png
IMG_7982(1).HEIC,44311138,,,,,44311138.png
IMG_7982.HEIC,44311138,,,,,44311138.png
IMG_7988(1).HEIC,4600765027227,,,,,4600765027227.png
IMG_7988.HEIC,4600765027227,,,,,4600765027227.png
IMG_7990(1).HEIC,4600765027616,,,,,4600765027616.png
IMG_7990.HEIC,4600765027616,,,,,4600765027616.png
IMG_7992(1).HEIC,4600765026008,,,,,4600765026008.png
IMG_7992.HEIC,4600765026008,,,,,4600765026008.png
IMG_7994(1).HEIC,4600765025995,,,,,4600765025995.png
IMG_7994.HEIC,4600765025995,,,,,4600765025995.png
IMG_7996(1).HEIC,4601662006490,,,,,4601662006490.png
IMG_7996.HEIC,4601662006490,,,,,4601662006490.png
IMG_7998(1).HEIC,8850813910087,,,,,8850813910087.png
IMG_7998.HEIC,8850813910087,,,,,8850813910087.png
IMG_8001(1).HEIC,4870001546489,,,,,4870001546489.png
IMG_8001.HEIC,4870001546489,,,,,4870001546489.png
IMG_8029(1).HEIC,7622201459826,,,,,7622201459826.png
IMG_8029.HEIC,7622201459826,,,,,7622201459826.png
IMG_8031(1).HEIC,4603825000932,,,,,4603825000932.png
IMG_8031.HEIC,4603825000932,,,,,4603825000932.png
IMG_8033(1).HEIC,4603825001113,,,,,4603825001113.png
IMG_8033.HEIC,4603825001113,,,,,4603825001113.png
IMG_8035(1).HEIC,4603825001434,,,,,4603825001434.png
IMG_8035.HEIC,4603825001434,,,,,4603825001434.png
IMG_8037(1).HEIC,40084176,,,,,40084176.png
IMG_8037.HEIC,40084176,,,,,40084176.png
IMG_8039(1).HEIC,80052463,,,,,80052463.png
IMG_8039.HEIC,80052463,,,,,80052463.png
IMG_8041(1).HEIC,7622210832498,,,,,7622210832498.png
IMG_8041.HEIC,7622210832498,,,,,7622210832498.png
IMG_9442.HEIC,8427894009797,,,,,8427894009797.png
IMG_9444.HEIC,8427894009735,,,,,8427894009735.png
IMG_9441.HEIC,4668858309407,,,,,4668858309407.png
IMG_9446.HEIC,8427894009704,,,,,8427894009704.png
IMG_9445.HEIC,7345897584107,,,,,7345897584107.png
IMG_9450.HEIC,8427894009711,,,,,8427894009711.png
IMG_9452.HEIC,8427894009728,,,,,8427894009728.png
IMG_9454.HEIC,307242023046002000000,,,,,307242023046002000000.png
IMG_9456.HEIC,4860038001068,,,,,4860038001068.png
IMG_9455.HEIC,54097791569398,,,,,54097791569398.png
IMG_9458.HEIC,4860038001075,,,,,4860038001075.png
IMG_9462.HEIC,608242023046002000000,,,,,608242023046002000000.png
IMG_9466.HEIC,4870044000962,,,,,4870044000962.png
IMG_9468.HEIC,4870044006063,,,,,4870044006063.png
IMG_9470.HEIC,4870044004762,,,,,4870044004762.png
IMG_9472.HEIC,4870044005394,,,,,4870044005394.png
IMG_9473.HEIC,96420551706386,,,,,96420551706386.png
IMG_9474.HEIC,4870044004946,,,,,4870044004946.png
IMG_9478.HEIC,4870044004939,,,,,4870044004939.png
IMG_9477.HEIC,71514539592731,,,,,71514539592731.png
IMG_9480.HEIC,4870044005240,,,,,4870044005240.png
IMG_9482.HEIC,4870044005233,,,,,4870044005233.png
IMG_9484.HEIC,4870044005233,,,,,4870044005233.png
IMG_9483.HEIC,13031467558692,,,,,13031467558692.png
IMG_9486.HEIC,8030810014746,,,,,8030810014746.png
IMG_9485.HEIC,8532561668624,,,,,8532561668624.png
IMG_9488.HEIC,8030810074153,,,,,8030810074153.png
IMG_9490.HEIC,4870213930502,,,,,4870213930502.png
IMG_9492.HEIC,4870213930670,,,,,4870213930670.png
IMG_9494.HEIC,4870213932810,,,,,4870213932810.png
IMG_9496.HEIC,4870004174221,,,,,4870004174221.png
IMG_9498.HEIC,4870031007059,,,,,4870031007059.png
IMG_9500.HEIC,4870244500316,,,,,4870244500316.png
IMG_9501.HEIC,4870001304225,,,,,4870001304225.png
IMG_9502.HEIC,4870001304225,,,,,4870001304225.png
IMG_9504.HEIC,4870213930021,,,,,4870213930021.png
IMG_9506.HEIC,4870213930281,,,,,4870213930281.png
IMG_9508.HEIC,4870031007851,,,,,4870031007851.png
IMG_9510.HEIC,4870001304270,,,,,4870001304270.png
IMG_9512.HEIC,4870213932476,,,,,4870213932476.png
IMG_9514.HEIC,4870001304041,,,,,4870001304041.png
IMG_9517.HEIC,4870001304546,,,,,4870001304546.png
IMG_9518.HEIC,4870001304546,,,,,4870001304546.png
IMG_9519.HEIC,4870001304218,,,,,4870001304218.png
IMG_9520.HEIC,4870001304218,,,,,4870001304218.png
IMG_9522.HEIC,4870001304034,,,,,4870001304034.png
IMG_9521.HEIC,4870001304034,,,,,4870001304034.png
IMG_9524.HEIC,4870244500941,,,,,4870244500941.png
IMG_9526.HEIC,4870213932438,,,,,4870213932438.png
IMG_9525.HEIC,4870213932438,,,,,4870213932438.png
IMG_9528.HEIC,4870031000678,,,,,4870031000678.png
IMG_9530.HEIC,4860038077681,,,,,4860038077681.png
IMG_9532.HEIC,3007242023046000000000,,,,,3007242023046000000000.png
IMG_9534.HEIC,705242022046002000000,,,,,705242022046002000000.png
IMG_9536.HEIC,4860038001099,,,,,4860038001099.png
IMG_9538.HEIC,4860038000160,,,,,4860038000160.png
IMG_9540.HEIC,4870009003533,,,,,4870009003533.png
IMG_9542.HEIC,4870009003540,,,,,4870009003540.png
IMG_9541.HEIC,36045815161602,,,,,36045815161602.png
IMG_9544.HEIC,4870044006056,,,,,4870044006056.png
IMG_9546.HEIC,8003325601374,,,,,8003325601374.png
IMG_9548.HEIC,8003325003406,,,,,8003325003406.png
IMG_9550.HEIC,8003325532036,,,,,8003325532036.png
IMG_9552.HEIC,8000548005033,,,,,8000548005033.png
IMG_9554.HEIC,8000548005088,,,,,8000548005088.png
IMG_9556.HEIC,8009483006297,,,,,8009483006297.png
IMG_9555.HEIC,8403392472172,,,,,8403392472172.png
IMG_9559.HEIC,4870071000256,,,,,4870071000256.png
IMG_9560.HEIC,4870071000256,,,,,4870071000256.png
IMG_9561.HEIC,4870001571320,,,,,4870001571320.png
IMG_9562.HEIC,4870001571320,,,,,4870001571320.png
IMG_9567.HEIC,4690388116408,,,,,4690388116408.png
IMG_9569.HEIC,4690388123802,,,,,4690388123802.png
IMG_9571.HEIC,4690388124502,,,,,4690388124502.png
IMG_9575.HEIC,4690388105617,,,,,4690388105617.png
IMG_9577.HEIC,4640238870349,,,,,4640238870349.png
IMG_9579.HEIC,4690388110130,,,,,4690388110130.png
IMG_9581.HEIC,4690388104566,,,,,4690388104566.png
IMG_9583.HEIC,4690388105518,,,,,4690388105518.png
IMG_9582.HEIC,7076758457819,,,,,7076758457819.png
IMG_9585.HEIC,4690388117238,,,,,4690388117238.png
IMG_9587.HEIC,4690388008079,,,,,4690388008079.png
IMG_9589.HEIC,4690388118150,,,,,4690388118150.png
IMG_9588.HEIC,52889094227905,,,,,52889094227905.png
IMG_9591.HEIC,4690388008062,,,,,4690388008062.png
IMG_9593.HEIC,4690388117238,,,,,4690388117238.png
IMG_9595.HEIC,4690388013653,,,,,4690388013653.png
IMG_9597.HEIC,4870235682038,,,,,4870235682038.png
IMG_9599.HEIC,4870235681376,,,,,4870235681376.png
IMG_9601.HEIC,4870235680546,,,,,4870235680546.png
IMG_9603.HEIC,4870235681369,,,,,4870235681369.png
IMG_9605.HEIC,4870235681406,,,,,4870235681406.png
IMG_9607.HEIC,4870235681383,,,,,4870235681383.png
IMG_9610.HEIC,1231501065802,,,,,1231501065802.png
IMG_9611.HEIC,4870212680637,,,,,4870212680637.png
IMG_9613.HEIC,4870242900408,,,,,4870242900408.png
IMG_9614.HEIC,4275198902405,,,,,4275198902405.png
IMG_9612.HEIC,35339214685007,,,,,35339214685007.png
IMG_9617.HEIC,796554334158,,,,,796554334158.png
IMG_9619.HEIC,769503777733,,,,,769503777733.png
IMG_9625.HEIC,4660085511462,,,,,4660085511462.png
IMG_9627.HEIC,4660085511509,,,,,4660085511509.png
IMG_9629.HEIC,46153715,,,,,46153715.png
IMG_9631.HEIC,46146632,,,,,46146632.png
IMG_9633.HEIC,46146625,,,,,46146625.png
IMG_9635.HEIC,46196613,,,,,46196613.png
IMG_9637.HEIC,46153708,,,,,46153708.png
IMG_9639.HEIC,50173976,,,,,50173976.png
IMG_9641.HEIC,50173617,,,,,50173617.png
IMG_9643.HEIC,50173822,,,,,50173822.png
IMG_9645.HEIC,42069942,,,,,42069942.png
IMG_9647.HEIC,46141538,,,,,46141538.png
IMG_9649.HEIC,42113270,,,,,42113270.png
IMG_9651.HEIC,40099484,,,,,40099484.png
IMG_9653.HEIC,42101901,,,,,42101901.png
IMG_9655.HEIC,46107084,,,,,46107084.png
IMG_9657.HEIC,46236197,,,,,46236197.png
IMG_9659.HEIC,46249876,,,,,46249876.png
IMG_9661.HEIC,42203100,,,,,42203100.png
IMG_9663.HEIC,46116482,,,,,46116482.png
IMG_9665.HEIC,50173808,,,,,50173808.png
IMG_9667.HEIC,42113164,,,,,42113164.png
IMG_9669.HEIC,42124016,,,,,42124016.png
IMG_9671.HEIC,8887290103008,,,,,8887290103008.png
IMG_9673.HEIC,8887290101004,,,,,8887290101004.png
IMG_9675.HEIC,4607065736965,,,,,4607065736965.png
IMG_9677.HEIC,4607065001445,,,,,4607065001445.png
IMG_9679.HEIC,4011100977624,,,,,4011100977624.png
IMG_9681.HEIC,4607065730109,,,,,4607065730109.png
IMG_9683.HEIC,4607065735425,,,,,4607065735425.png
IMG_9685.HEIC,4660085515163,,,,,4660085515163.png
IMG_9687.HEIC,4011100091993,,,,,4011100091993.png
IMG_9689.HEIC,8000500224281,,,,,8000500224281.png
IMG_9691.HEIC,5000159439480,,,,,5000159439480.png
IMG_9693.HEIC,4607065738310,,,,,4607065738310.png
IMG_9695.HEIC,5900020023308,,,,,5900020023308.png
IMG_9697.HEIC,4011100091108,,,,,4011100091108.png
IMG_9699.HEIC,5000159390729,,,,,5000159390729.png
IMG_9701.HEIC,5000159381178,,,,,5000159381178.png
IMG_9703.HEIC,4011100977952,,,,,4011100977952.png
IMG_9702.HEIC,2477986130171,,,,,2477986130171.png
IMG_9705.HEIC,6221134013320,,,,,6221134013320.png
IMG_9707.HEIC,8682718457967,,,,,8682718457967.png
IMG_9709.HEIC,46247919,,,,,46247919.png
IMG_9711.HEIC,8851869350308,,,,,8851869350308.png
IMG_9708.HEIC,98257220091218,,,,,98257220091218.png
IMG_9713.HEIC,4690329016262,,,,,4690329016262.png
IMG_9715.HEIC,4870004425217,,,,,4870004425217.png
IMG_9717.HEIC,40144313,,,,,40144313.png
IMG_9719.HEIC,40144146,,,,,40144146.png
IMG_9721.HEIC,46268471,,,,,46268471.png
IMG_9723.HEIC,4602606003728,,,,,4602606003728.png
IMG_9725.HEIC,274507,,,,,274507.png
IMG_9727.HEIC,4600680029429,,,,,4600680029429.png
IMG_9729.HEIC,4600680029429,,,,,4600680029429.png
IMG_9731.HEIC,4602606017671,,,,,4602606017671.png
IMG_9733.HEIC,4602606003728,,,,,4602606003728.png
IMG_9735.HEIC,42203223,,,,,42203223.png
IMG_9737.HEIC,46226921,,,,,46226921.png
IMG_9739.HEIC,46226938,,,,,46226938.png
IMG_9741.HEIC,46226907,,,,,46226907.png
IMG_9743.HEIC,46220714,,,,,46220714.png
IMG_9745.HEIC,46220721,,,,,46220721.png
IMG_9747.HEIC,4630007401423,,,,,4630007401423.png
IMG_9749.HEIC,4014400901191,,,,,4014400901191.png
IMG_9751.HEIC,4014400901405,,,,,4014400901405.png
IMG_9753.HEIC,4014400930702,,,,,4014400930702.png
IMG_9750.HEIC,34175575638341,,,,,34175575638341.png
IMG_9755.HEIC,4870200143748,,,,,4870200143748.png
IMG_9757.HEIC,4870036001205,,,,,4870036001205.png
IMG_9756.HEIC,87822273318526,,,,,87822273318526.png
IMG_9759.HEIC,4870028006041,,,,,4870028006041.png
IMG_9761.HEIC,4600680033068,,,,,4600680033068.png
IMG_9763.HEIC,7622201695958,,,,,7622201695958.png
IMG_9765.HEIC,7622202395727,,,,,7622202395727.png
IMG_9767.HEIC,7622201696078,,,,,7622201696078.png
IMG_9769.HEIC,7622202395659,,,,,7622202395659.png
IMG_9771.HEIC,7622202035371,,,,,7622202035371.png
IMG_9773.HEIC,7622202035432,,,,,7622202035432.png
IMG_9775.HEIC,7622202035432,,,,,7622202035432.png
IMG_9779.HEIC,7622202035401,,,,,7622202035401.png
IMG_9781.HEIC,7622202035463,,,,,7622202035463.png
IMG_9783.HEIC,7622202035494,,,,,7622202035494.png
IMG_9785.HEIC,7622202397318,,,,,7622202397318.png
IMG_9787.HEIC,7622202394669,,,,,7622202394669.png
IMG_9789.HEIC,3800020492901,,,,,3800020492901.png
IMG_9791.HEIC,3800020453407,,,,,3800020453407.png
IMG_9793.HEIC,3800020453414,,,,,3800020453414.png
IMG_9795.HEIC,8935001727996,,,,,8935001727996.png
IMG_9797.HEIC,8682718459008,,,,,8682718459008.png
IMG_9799.HEIC,40052403,,,,,40052403.png
IMG_9801.HEIC,80741251,,,,,80741251.png
IMG_9803.HEIC,80741244,,,,,80741244.png
IMG_9805.HEIC,80310891,,,,,80310891.png
IMG_9807.HEIC,80310891,,,,,80310891.png
IMG_9809.HEIC,4600680027463,,,,,4600680027463.png
IMG_9811.HEIC,4600680025445,,,,,4600680025445.png
IMG_9813.HEIC,80177609,,,,,80177609.png
IMG_9815.HEIC,46003553,,,,,46003553.png
IMG_9817.HEIC,46025418,,,,,46025418.png
IMG_9819.HEIC,7622201711825,,,,,7622201711825.png
IMG_9821.HEIC,7622210336743,,,,,7622210336743.png
IMG_9823.HEIC,7622210858580,,,,,7622210858580.png
IMG_9825.HEIC,7622210336729,,,,,7622210336729.png
IMG_9827.HEIC,4670082502950,,,,,4670082502950.png
IMG_9829.HEIC,5900951315084,,,,,5900951315084.png
IMG_9831.HEIC,4607065000868,,,,,4607065000868.png
IMG_9835.HEIC,4607065731755,,,,,4607065731755.png
IMG_9833.HEIC,4607065000790,,,,,4607065000790.png
IMG_9837.HEIC,7622210375735,,,,,7622210375735.png
IMG_9839.HEIC,7622210375674,,,,,7622210375674.png
IMG_9841.HEIC,7622202206191,,,,,7622202206191.png
IMG_9845.HEIC,8801038595962,,,,,8801038595962.png
IMG_9850.HEIC,6900241400369,,,,,6900241400369.png
IMG_9852.HEIC,8801038593210,,,,,8801038593210.png
IMG_9854.HEIC,3014260263331,,,,,3014260263331.png
IMG_9856.HEIC,46164292,,,,,46164292.png
IMG_9858.HEIC,57023861,,,,,57023861.png
IMG_9860.HEIC,46165411,,,,,46165411.png
IMG_9862.HEIC,7622201677367,,,,,7622201677367.png
IMG_9864.HEIC,7622201677404,,,,,7622201677404.png
IMG_9866.HEIC,7622202228865,,,,,7622202228865.png
IMG_9868.HEIC,46227737,,,,,46227737.png
IMG_9870.HEIC,8000500191712,,,,,8000500191712.png
IMG_9872.HEIC,57023663,,,,,57023663.png
IMG_9874.HEIC,4008400399324,,,,,4008400399324.png
IMG_9876.HEIC,7622202228896,,,,,7622202228896.png
IMG_9878.HEIC,7622201731854,,,,,7622201731854.png
IMG_9882.HEIC,46103536,,,,,46103536.png
IMG_9884.HEIC,46103550,,,,,46103550.png
IMG_9886.HEIC,46103499,,,,,46103499.png
IMG_9888.HEIC,46190369,,,,,46190369.png
IMG_9890.HEIC,57027906,,,,,57027906.png
IMG_9892.HEIC,46187857,,,,,46187857.png
IMG_9894.HEIC,57027913,,,,,57027913.png
IMG_9896.HEIC,46103451,,,,,46103451.png
IMG_9898.HEIC,46103536,,,,,46103536.png
IMG_9900.HEIC,7622201429959,,,,,7622201429959.png
IMG_9902.HEIC,46103611,,,,,46103611.png
IMG_9904.HEIC,46187857,,,,,46187857.png
IMG_9906.HEIC,46078483,,,,,46078483.png
IMG_9908.HEIC,7622202049415,,,,,7622202049415.png
IMG_9910.HEIC,7622202049439,,,,,7622202049439.png
IMG_9912.HEIC,7622202049392,,,,,7622202049392.png
IMG_9914.HEIC,46234964,,,,,46234964.png
IMG_9918.HEIC,6939639500398,,,,,6939639500398.png
IMG_9920.HEIC,6939639500398,,,,,6939639500398.png
IMG_9922.HEIC,3086120600044,,,,,3086120600044.png
IMG_9926.HEIC,4870202670907,,,,,4870202670907.png
IMG_9928.HEIC,4607103840142,,,,,4607103840142.png
IMG_9930.HEIC,8699478222605,,,,,8699478222605.png
IMG_9932.HEIC,669318211036,,,,,669318211036.png
IMG_9934.HEIC,4870246880515,,,,,4870246880515.png
IMG_9936.HEIC,8801116052684,,,,,8801116052684.png
IMG_9938.HEIC,8801116052707,,,,,8801116052707.png
IMG_9940.HEIC,8801116043316,,,,,8801116043316.png
IMG_9942.HEIC,8801116034215,,,,,8801116034215.png
IMG_9946.HEIC,8801116037841,,,,,8801116037841.png
IMG_9948.HEIC,8801116034277,,,,,8801116034277.png
IMG_9950.HEIC,8801116046843,,,,,8801116046843.png
IMG_9958.HEIC,4640030091225,,,,,4640030091225.png
IMG_9960.HEIC,4640030091188,,,,,4640030091188.png
IMG_9964.HEIC,4640030091300,,,,,4640030091300.png
IMG_9966.HEIC,4640030091201,,,,,4640030091201.png
IMG_9968.HEIC,4640030093380,,,,,4640030093380.png
IMG_9970.HEIC,4640030093175,,,,,4640030093175.png
IMG_9972.HEIC,4640030093717,,,,,4640030093717.png
IMG_9980.HEIC,4640030092147,,,,,4640030092147.png
IMG_9982.HEIC,4870252870487,,,,,4870252870487.png
IMG_9984.HEIC,4640030092192,,,,,4640030092192.png
IMG_9988.HEIC,8801116037131,,,,,8801116037131.png
IMG_9990.HEIC,8801116037100,,,,,8801116037100.png
IMG_9992.HEIC,4006396046499,,,,,4006396046499.png
IMG_9994.HEIC,4006396046529,,,,,4006396046529.png
IMG_9996.HEIC,4006396058195,,,,,4006396058195.png
IMG_9998.HEIC,4006396046192,,,,,4006396046192.png
